<?xml version="1.0" encoding="UTF-8"?>
<configurationDescriptor version="95">
  <logicalFolder name="root" displayName="root" projectFiles="true" kind="ROOT">
    <df root="." name="0">
      <df name="app">
        <in>application.cpp</in>
      </df>
    </df>
    <logicalFolder name="ExternalFiles"
                   displayName="Important Files"
                   projectFiles="false"
                   kind="IMPORTANT_FILES_FOLDER">
      <itemPath>Makefile</itemPath>
    </logicalFolder>
  </logicalFolder>
  <sourceFolderFilter>^(nbproject)$</sourceFolderFilter>
  <sourceRootList>
    <Elem>.</Elem>
  </sourceRootList>
  <projectmakefile>Makefile</projectmakefile>
  <confs>
    <conf name="sming" type="0">
      <toolsSet>
        <compilerSet>default</compilerSet>
        <dependencyChecking>false</dependencyChecking>
        <rebuildPropChanged>false</rebuildPropChanged>
      </toolsSet>
      <codeAssistance>
      </codeAssistance>
      <makefileType>
        <makeTool>
          <buildCommandWorkingDir>.</buildCommandWorkingDir>
          <buildCommand>${MAKE} -f Makefile</buildCommand>
          <cleanCommand>${MAKE} -f Makefile clean</cleanCommand>
          <executablePath></executablePath>
          <ccTool>
            <incDir>
              <pElem>app</pElem>
              <pElem>$SMING</pElem>
              <pElem>$SMING/Libraries</pElem>
              <pElem>$SMING/system/include</pElem>
              <pElem>$ESP_HOME/sdk/include</pElem>
            </incDir>
          </ccTool>
        </makeTool>
      </makefileType>
      <item path="app/application.cpp" ex="false" tool="1" flavor2="4">
      </item>
    </conf>
  </confs>
</configurationDescriptor>
