<?xml version="1.0" encoding="UTF-8"?>
<project-private xmlns="http://www.netbeans.org/ns/project-private/1">
    <code-assistance-data xmlns="http://www.netbeans.org/ns/make-project-private/1">
        <code-model-enabled>true</code-model-enabled>
    </code-assistance-data>
    <data xmlns="http://www.netbeans.org/ns/make-project-private/1">
        <activeConfTypeElem>0</activeConfTypeElem>
        <activeConfIndexElem>0</activeConfIndexElem>
    </data>
    <editor-bookmarks xmlns="http://www.netbeans.org/ns/editor-bookmarks/2" lastBookmarkId="0"/>
    <open-files xmlns="http://www.netbeans.org/ns/projectui-open-files/2">
        <group/>
    </open-files>
    <preferences xmlns="http://www.netbeans.org/ns/auxiliary-configuration-preferences/1">
        <module name="org-netbeans-modules-cnd-discovery">
            <property name="exec-log-file" value="C:\Users\colinm\sming\Basic_WiFi"/>
            <property name="rootFolder" value="C:\Users\colinm\sming\Basic_WiFi"/>
        </module>
    </preferences>
</project-private>
